run_id,baseline,n_days,lambda_ewc,beta_replay,seed,target_nrmse,target_rmse_kw,target_mean_kw,source_retention_nrmse,below_threshold,threshold,epochs,batch_size,lr,wall_clock_s,timestamp,notes
,B0,1,0.0,0.0,0,1.632064,37.5926,23.0338,,0,0.5,10,64,0.0001,16.3,2026-09-04T13:19:30.601066+00:00,
,B3,1,0.0,0.0,0,0.880399,20.2789,23.0338,,0,0.5,10,64,0.0001,5.5,2026-09-04T13:19:36.167947+00:00,
,B4,1,100.0,0.0,0,0.880361,20.278,23.0338,,0,0.5,10,64,0.0001,6.6,2026-09-04T13:19:42.799680+00:00,
,B0,7,0.0,0.0,0,1.169155,26.93,23.0338,,0,0.5,10,64,0.0001,32.6,2026-09-04T13:20:15.469379+00:00,
,B3,7,0.0,0.0,0,0.935308,21.5437,23.0338,,0,0.5,10,64,0.0001,43.0,2026-09-04T13:20:58.489713+00:00,
,B4,7,100.0,0.0,0,0.936646,21.5745,23.0338,,0,0.5,10,64,0.0001,38.2,2026-09-04T13:21:36.740672+00:00,
,B0,30,0.0,0.0,0,0.860042,19.81,23.0338,,0,0.5,10,64,0.0001,154.4,2026-09-04T13:24:11.199849+00:00,
,B3,30,0.0,0.0,0,0.532945,12.2757,23.0338,,0,0.5,10,64,0.0001,123.3,2026-09-04T13:26:14.500314+00:00,
,B4,30,100.0,0.0,0,0.533983,12.2996,23.0338,,0,0.5,10,64,0.0001,147.3,2026-09-04T13:28:41.831195+00:00,
,B0,60,0.0,0.0,0,0.927961,21.3744,23.0338,,0,0.5,10,64,0.0001,334.4,2026-09-04T13:34:16.256552+00:00,
,B3,60,0.0,0.0,0,0.522796,12.042,23.0338,,0,0.5,10,64,0.0001,272.0,2026-09-04T13:38:48.284177+00:00,
,B4,60,100.0,0.0,0,0.528567,12.1749,23.0338,,0,0.5,10,64,0.0001,258.9,2026-09-04T13:43:07.217705+00:00,
,B0,90,0.0,0.0,0,0.858282,19.7695,23.0338,,0,0.5,10,64,0.0001,425.0,2026-09-04T13:50:12.289636+00:00,
,B3,90,0.0,0.0,0,0.543131,12.5103,23.0338,,0,0.5,10,64,0.0001,387.7,2026-09-04T13:56:39.988632+00:00,
,B4,90,100.0,0.0,0,0.538124,12.395,23.0338,,0,0.5,10,64,0.0001,429.9,2026-09-04T14:03:49.867226+00:00,
,B0,1,0.0,0.0,1,1.308451,30.1385,23.0338,,0,0.5,10,64,0.0001,6.9,2026-09-04T14:03:56.849792+00:00,
,B3,1,0.0,0.0,1,0.95085,21.9016,23.0338,,0,0.5,10,64,0.0001,6.9,2026-09-04T14:04:03.759301+00:00,
,B4,1,100.0,0.0,1,0.950826,21.9011,23.0338,,0,0.5,10,64,0.0001,8.6,2026-09-04T14:04:12.421084+00:00,
,B0,7,0.0,0.0,1,1.294124,29.8085,23.0338,,0,0.5,10,64,0.0001,37.0,2026-09-04T14:04:49.396962+00:00,
,B3,7,0.0,0.0,1,0.916179,21.103,23.0338,,0,0.5,10,64,0.0001,35.6,2026-09-04T14:05:25.017793+00:00,
,B4,7,100.0,0.0,1,0.915281,21.0824,23.0338,,0,0.5,10,64,0.0001,40.7,2026-09-04T14:06:05.708790+00:00,
,B0,30,0.0,0.0,1,0.922142,21.2404,23.0338,,0,0.5,10,64,0.0001,155.1,2026-09-04T14:08:40.804779+00:00,
,B3,30,0.0,0.0,1,0.530225,12.2131,23.0338,,0,0.5,10,64,0.0001,149.2,2026-09-04T14:11:10.036433+00:00,
,B4,30,100.0,0.0,1,0.527637,12.1535,23.0338,,0,0.5,10,64,0.0001,144.6,2026-09-04T14:13:34.709933+00:00,
,B0,60,0.0,0.0,1,1.088037,25.0616,23.0338,,0,0.5,10,64,0.0001,283.2,2026-09-04T14:18:17.963177+00:00,
,B3,60,0.0,0.0,1,0.540803,12.4567,23.0338,,0,0.5,10,64,0.0001,268.7,2026-09-04T14:22:46.673667+00:00,
,B4,60,100.0,0.0,1,0.545517,12.5653,23.0338,,0,0.5,10,64,0.0001,283.5,2026-09-04T14:27:30.220181+00:00,
,B0,90,0.0,0.0,1,1.07069,24.662,23.0338,,0,0.5,10,64,0.0001,386.8,2026-09-04T14:33:57.075112+00:00,
,B3,90,0.0,0.0,1,0.53718,12.3733,23.0338,,0,0.5,10,64,0.0001,417.1,2026-09-04T14:40:54.219426+00:00,
,B4,90,100.0,0.0,1,0.540554,12.451,23.0338,,0,0.5,10,64,0.0001,389.0,2026-09-04T14:47:23.220544+00:00,
,B0,1,0.0,0.0,2,1.666006,38.3744,23.0338,,0,0.5,10,64,0.0001,5.7,2026-09-04T14:47:28.974835+00:00,
,B3,1,0.0,0.0,2,0.885969,20.4072,23.0338,,0,0.5,10,64,0.0001,6.0,2026-09-04T14:47:35.035316+00:00,
,B4,1,100.0,0.0,2,0.886007,20.4081,23.0338,,0,0.5,10,64,0.0001,5.1,2026-09-04T14:47:40.201411+00:00,
,B0,7,0.0,0.0,2,1.317254,30.3413,23.0338,,0,0.5,10,64,0.0001,27.7,2026-09-04T14:48:07.967266+00:00,
,B3,7,0.0,0.0,2,0.908326,20.9222,23.0338,,0,0.5,10,64,0.0001,27.1,2026-09-04T14:48:35.050842+00:00,
,B4,7,100.0,0.0,2,0.906601,20.8824,23.0338,,0,0.5,10,64,0.0001,30.9,2026-09-04T14:49:06.010656+00:00,
,B0,30,0.0,0.0,2,0.937439,21.5927,23.0338,,0,0.5,10,64,0.0001,136.0,2026-09-04T14:51:21.979550+00:00,
,B3,30,0.0,0.0,2,0.505204,11.6368,23.0338,,0,0.5,10,64,0.0001,125.9,2026-09-04T14:53:27.882681+00:00,
,B4,30,100.0,0.0,2,0.506931,11.6765,23.0338,,0,0.5,10,64,0.0001,126.3,2026-09-04T14:55:34.175810+00:00,
,B0,60,0.0,0.0,2,1.117275,25.7351,23.0338,,0,0.5,10,64,0.0001,300.9,2026-09-04T15:00:35.090467+00:00,
,B3,60,0.0,0.0,2,0.573284,13.2049,23.0338,,0,0.5,10,64,0.0001,320.9,2026-09-04T15:05:56.056165+00:00,
,B4,60,100.0,0.0,2,0.566106,13.0395,23.0338,,0,0.5,10,64,0.0001,310.4,2026-09-04T15:11:06.489035+00:00,
,B0,90,0.0,0.0,2,1.025624,23.624,23.0338,,0,0.5,10,64,0.0001,477.5,2026-09-04T15:19:04.030505+00:00,
,B3,90,0.0,0.0,2,0.493066,11.3572,23.0338,,1,0.5,10,64,0.0001,449.6,2026-09-04T15:26:33.653466+00:00,
,B4,90,100.0,0.0,2,0.499989,11.5166,23.0338,,1,0.5,10,64,0.0001,424.0,2026-09-04T15:33:37.722399+00:00,
,B0,1,0.0,0.0,3,1.296199,29.8563,23.0338,,0,0.5,10,64,0.0001,7.4,2026-09-04T15:33:45.149408+00:00,
,B3,1,0.0,0.0,3,0.8767,20.1937,23.0338,,0,0.5,10,64,0.0001,7.3,2026-09-04T15:33:52.441264+00:00,
,B4,1,100.0,0.0,3,0.876744,20.1947,23.0338,,0,0.5,10,64,0.0001,8.1,2026-09-04T15:34:00.541703+00:00,
,B0,7,0.0,0.0,3,1.297517,29.8867,23.0338,,0,0.5,10,64,0.0001,40.1,2026-09-04T15:34:40.668491+00:00,
,B3,7,0.0,0.0,3,0.850463,19.5894,23.0338,,0,0.5,10,64,0.0001,33.8,2026-09-04T15:35:14.471045+00:00,
,B4,7,100.0,0.0,3,0.849123,19.5585,23.0338,,0,0.5,10,64,0.0001,36.6,2026-09-04T15:35:51.066462+00:00,
,B0,30,0.0,0.0,3,1.247272,28.7294,23.0338,,0,0.5,10,64,0.0001,164.6,2026-09-04T15:38:35.746248+00:00,
,B3,30,0.0,0.0,3,0.50583,11.6512,23.0338,,0,0.5,10,64,0.0001,175.3,2026-09-04T15:41:31.079986+00:00,
,B4,30,100.0,0.0,3,0.504728,11.6258,23.0338,,0,0.5,10,64,0.0001,165.6,2026-09-04T15:44:16.665677+00:00,
,B0,60,0.0,0.0,3,1.102926,25.4045,23.0338,,0,0.5,10,64,0.0001,357.5,2026-09-04T15:50:14.158904+00:00,
,B3,60,0.0,0.0,3,0.528459,12.1724,23.0338,,0,0.5,10,64,0.0001,371.5,2026-09-04T15:56:25.654526+00:00,
,B4,60,100.0,0.0,3,0.516337,11.8932,23.0338,,0,0.5,10,64,0.0001,358.9,2026-09-04T16:02:24.580157+00:00,
,B0,90,0.0,0.0,3,0.998748,23.0049,23.0338,,0,0.5,10,64,0.0001,506.4,2026-09-04T16:10:50.976676+00:00,
,B3,90,0.0,0.0,3,0.545154,12.5569,23.0338,,0,0.5,10,64,0.0001,452.0,2026-09-04T16:18:23.054445+00:00,
,B4,90,100.0,0.0,3,0.543635,12.522,23.0338,,0,0.5,10,64,0.0001,735.1,2026-09-04T16:30:38.139998+00:00,
,B0,1,0.0,0.0,4,1.304109,30.0385,23.0338,,0,0.5,10,64,0.0001,4.7,2026-09-04T16:30:42.840415+00:00,
,B3,1,0.0,0.0,4,0.8842,20.3664,23.0338,,0,0.5,10,64,0.0001,4.5,2026-09-04T16:30:47.407604+00:00,
,B4,1,100.0,0.0,4,0.884193,20.3663,23.0338,,0,0.5,10,64,0.0001,5.0,2026-09-04T16:30:52.419852+00:00,
,B0,7,0.0,0.0,4,1.299613,29.935,23.0338,,0,0.5,10,64,0.0001,16.6,2026-09-04T16:31:09.075416+00:00,
,B3,7,0.0,0.0,4,0.930652,21.4364,23.0338,,0,0.5,10,64,0.0001,16.7,2026-09-04T16:31:25.805798+00:00,
,B4,7,100.0,0.0,4,0.931824,21.4634,23.0338,,0,0.5,10,64,0.0001,19.0,2026-09-04T16:31:44.895427+00:00,
,B0,30,0.0,0.0,4,1.148922,26.464,23.0338,,0,0.5,10,64,0.0001,67.5,2026-09-04T16:32:52.480332+00:00,
,B3,30,0.0,0.0,4,0.535714,12.3395,23.0338,,0,0.5,10,64,0.0001,66.1,2026-09-04T16:33:58.643609+00:00,
,B4,30,100.0,0.0,4,0.537976,12.3916,23.0338,,0,0.5,10,64,0.0001,69.2,2026-09-04T16:35:07.917898+00:00,
,B0,60,0.0,0.0,4,1.147287,26.4263,23.0338,,0,0.5,10,64,0.0001,133.3,2026-09-04T16:37:21.269281+00:00,
,B3,60,0.0,0.0,4,0.541861,12.4811,23.0338,,0,0.5,10,64,0.0001,127.0,2026-09-04T16:39:28.271354+00:00,
,B4,60,100.0,0.0,4,0.554393,12.7698,23.0338,,0,0.5,10,64,0.0001,135.0,2026-09-04T16:41:43.270899+00:00,
,B0,90,0.0,0.0,4,0.857297,19.7468,23.0338,,0,0.5,10,64,0.0001,194.6,2026-09-04T16:44:57.902943+00:00,
,B3,90,0.0,0.0,4,0.511003,11.7703,23.0338,,0,0.5,10,64,0.0001,214.9,2026-09-04T16:48:32.874589+00:00,
,B4,90,100.0,0.0,4,0.514406,11.8487,23.0338,,0,0.5,10,64,0.0001,210.8,2026-09-04T16:52:03.707468+00:00,
,B0,1,0.0,0.0,5,1.548461,35.6669,23.0338,,0,0.5,10,64,0.0001,4.2,2026-09-04T16:52:07.972615+00:00,
,B3,1,0.0,0.0,5,0.884498,20.3733,23.0338,,0,0.5,10,64,0.0001,4.6,2026-09-04T16:52:12.621587+00:00,
,B4,1,100.0,0.0,5,0.884549,20.3745,23.0338,,0,0.5,10,64,0.0001,5.1,2026-09-04T16:52:17.762086+00:00,
,B0,7,0.0,0.0,5,1.295634,29.8433,23.0338,,0,0.5,10,64,0.0001,16.6,2026-09-04T16:52:34.358623+00:00,
,B3,7,0.0,0.0,5,0.885328,20.3924,23.0338,,0,0.5,10,64,0.0001,17.9,2026-09-04T16:52:52.323467+00:00,
,B4,7,100.0,0.0,5,0.885221,20.39,23.0338,,0,0.5,10,64,0.0001,18.6,2026-09-04T16:53:10.995441+00:00,
,B0,30,0.0,0.0,5,1.291585,29.7501,23.0338,,0,0.5,10,64,0.0001,59.5,2026-09-04T16:54:10.550636+00:00,
,B3,30,0.0,0.0,5,0.511299,11.7771,23.0338,,0,0.5,10,64,0.0001,62.3,2026-09-04T16:55:12.915085+00:00,
,B4,30,100.0,0.0,5,0.505259,11.638,23.0338,,0,0.5,10,64,0.0001,65.8,2026-09-04T16:56:18.755579+00:00,
,B0,60,0.0,0.0,5,1.169099,26.9287,23.0338,,0,0.5,10,64,0.0001,120.6,2026-09-04T16:58:19.363419+00:00,
,B3,60,0.0,0.0,5,0.482912,11.1233,23.0338,,1,0.5,10,64,0.0001,122.3,2026-09-04T17:00:21.721423+00:00,
,B4,60,100.0,0.0,5,0.480362,11.0645,23.0338,,1,0.5,10,64,0.0001,130.1,2026-09-04T17:02:31.905591+00:00,
,B0,90,0.0,0.0,5,1.008219,23.2231,23.0338,,0,0.5,10,64,0.0001,178.2,2026-09-04T17:05:30.098548+00:00,
,B3,90,0.0,0.0,5,0.535144,12.3264,23.0338,,0,0.5,10,64,0.0001,178.9,2026-09-04T17:08:28.992317+00:00,
,B4,90,100.0,0.0,5,0.535372,12.3316,23.0338,,0,0.5,10,64,0.0001,207.5,2026-09-04T17:11:56.499235+00:00,
,B0,1,0.0,0.0,6,1.773218,40.8439,23.0338,,0,0.5,10,64,0.0001,5.4,2026-09-04T17:12:01.974228+00:00,
,B3,1,0.0,0.0,6,0.849873,19.5758,23.0338,,0,0.5,10,64,0.0001,5.5,2026-09-04T17:12:07.518278+00:00,
,B4,1,100.0,0.0,6,0.849816,19.5745,23.0338,,0,0.5,10,64,0.0001,6.3,2026-09-04T17:12:13.837113+00:00,
,B0,7,0.0,0.0,6,1.444605,33.2747,23.0338,,0,0.5,10,64,0.0001,20.2,2026-09-04T17:12:34.081329+00:00,
,B3,7,0.0,0.0,6,0.91653,21.1111,23.0338,,0,0.5,10,64,0.0001,20.2,2026-09-04T17:12:54.301500+00:00,
,B4,7,100.0,0.0,6,0.916489,21.1102,23.0338,,0,0.5,10,64,0.0001,22.6,2026-09-04T17:13:16.924105+00:00,
,B0,30,0.0,0.0,6,0.96072,22.129,23.0338,,0,0.5,10,64,0.0001,67.9,2026-09-04T17:14:24.855949+00:00,
,B3,30,0.0,0.0,6,0.522881,12.0439,23.0338,,0,0.5,10,64,0.0001,69.7,2026-09-04T17:15:34.601905+00:00,
,B4,30,100.0,0.0,6,0.530625,12.2223,23.0338,,0,0.5,10,64,0.0001,77.7,2026-09-04T17:16:52.327936+00:00,
,B0,60,0.0,0.0,6,1.150987,26.5115,23.0338,,0,0.5,10,64,0.0001,138.8,2026-09-04T17:19:11.162428+00:00,
,B3,60,0.0,0.0,6,0.597124,13.754,23.0338,,0,0.5,10,64,0.0001,138.3,2026-09-04T17:21:29.513776+00:00,
,B4,60,100.0,0.0,6,0.595091,13.7072,23.0338,,0,0.5,10,64,0.0001,156.4,2026-09-04T17:24:05.986385+00:00,
,B0,90,0.0,0.0,6,1.041556,23.9909,23.0338,,0,0.5,10,64,0.0001,216.2,2026-09-04T17:27:42.237551+00:00,
,B3,90,0.0,0.0,6,0.520039,11.9785,23.0338,,0,0.5,10,64,0.0001,214.4,2026-09-04T17:31:16.686212+00:00,
